order_number,order_date,required_date,shipped_date,status,comments,customer_number
342286,2023-03-13 06:11:35.408334,2023-11-04 01:30:34.647320,,Pending,"Much live huge onto likely focus.
Drive generation agreement together. Wonder in force beyond bar whom budget successful. Attack situation thing whether.",423126
746108,2024-04-01 02:40:04.879249,2024-06-16 18:24:14.759922,2024-06-01 23:49:07.212206,Shipped,"Brother next suffer throughout space I visit.
Fall my same million together. As continue must with way. Bill candidate American art.",536659
281911,2022-08-22 14:02:52.270096,2024-07-01 05:55:29.062284,2023-04-02 09:54:50.886017,Shipped,Rest box boy and standard defense. Early citizen thousand art break sea.,427915
421672,2023-07-26 03:02:51.435772,2023-09-24 22:33:24.042809,,Cancelled,Way contain development painting show by somebody. Husband science rest break bank. Community mother across arm huge view fear.,547067
385504,2022-11-06 23:48:23.795630,2024-02-27 14:54:47.089472,,Cancelled,Reason arm building computer theory travel issue hold. Challenge election lay everything. Conference recently fast care single military Mrs I.,691321
257146,2024-03-21 20:31:18.047753,2024-05-01 01:45:51.646920,2024-04-16 09:24:17.722491,Shipped,"Money design rock organization Mr. Poor play these industry.
Dog talk former director team state. Both role month lose.
Exactly into yeah.",972219
838258,2023-12-26 10:27:49.444409,2024-06-01 11:38:01.939038,2024-01-30 19:03:07.405349,Shipped,"Economy hope budget major beyond from last top. Beyond source wind light quality. Crime charge quite white deal hour.
Every after recent. Argue money paper must. Physical truth goal alone.",434282
490554,2023-06-29 01:56:08.823159,2023-11-24 19:05:09.712659,,Cancelled,"Explain senior feel however what image. Everyone subject audience office off measure assume.
Deep account surface assume. Member pretty management next something.",441369
420426,2023-05-14 13:35:14.998062,2024-06-21 10:29:54.995935,2024-05-03 12:31:20.757787,Shipped,"Cause turn suddenly fire institution decade.
Kid walk total interesting last. Under six drop girl body way eat movement. Level call over.
While need about kitchen put. Yard out let occur exist.",593268
832058,2023-05-08 09:31:11.261331,2023-08-20 03:51:18.153605,2023-05-28 04:15:42.103529,Shipped,"Attorney say evidence unit see three care. Control agent admit issue list hot. Tonight others clear another hold lawyer off.
Both ahead point suffer natural will. Dog season themselves.",670576
636575,2024-02-26 19:00:50.763681,2024-02-29 04:05:41.748348,,Cancelled,Them into center someone behind expect. Brother kid try site present some born. Morning town because give our. Very able child old.,833973
221640,2022-11-10 09:18:26.164802,2024-05-12 11:11:17.353328,2024-01-18 12:55:54.283122,Shipped,"Tend bed science couple leg difficult. Course idea least watch new to goal. Money message bit bag assume back appear.
Staff member ten space. Author organization mission need operation catch.",616977
915289,2022-07-02 07:25:28.713364,2024-05-04 09:02:44.971777,,Pending,"Learn capital admit reduce forget our.
Such away statement network. Performance human within old suffer participant than include. Sea its no song life.",987304
373064,2023-01-23 01:24:43.854561,2024-01-31 18:19:54.848108,,Pending,Keep special bad music. Discover standard article today gun. Rather PM money drop return among fight.,758655
191619,2023-04-12 11:26:15.119378,2024-06-01 13:26:15.927303,,Pending,"Traditional past once money form. Approach affect growth near beat often their.
Rest rise note. Relationship mouth ten something paper religious radio.",300424
527816,2023-06-11 14:10:41.183157,2024-01-21 05:15:49.202491,2023-07-27 11:04:50.861294,Shipped,"Sport son laugh structure question while. Indeed always field tree.
Success indicate fear member guess. Management natural clearly hand. Listen across care last.",987304
186697,2024-01-18 22:24:06.060116,2024-06-30 23:32:10.265147,,Cancelled,Design out let officer yourself dinner contain. Choice old education. Five art watch large she north.,172674
612467,2022-11-24 19:04:14.542718,2024-05-15 06:48:41.344995,,Pending,Pass him try. Become old this wide finally pretty. Weight quickly never party chance might in agency.,911600
239617,2022-07-24 23:52:24.689602,2024-04-13 05:18:39.916545,2022-11-12 17:07:09.049441,Shipped,Sister less step all finally religious. Office well company world hand. Perhaps exactly part try.,642842
641150,2022-10-31 10:26:31.044356,2023-08-19 19:00:58.131303,2023-01-10 07:01:58.458704,Shipped,"Task themselves serve as.
Among consider actually hot prove church around weight. Former who military whatever mouth.",540244
923502,2023-01-15 08:10:00.524034,2023-05-10 03:11:40.064832,,Pending,Develop question to high close force guess. Actually back deep soldier well. Democratic clear tree develop account. Indicate rate live officer field address.,785249
454668,2024-01-30 14:21:26.205989,2024-04-26 22:47:20.875302,,Pending,"Town newspaper join use resource professional development. Central degree long support next tax. Pick member until team second.
Win ever order mention most. Site issue student read politics.",300424
410147,2022-08-16 01:41:35.389959,2024-04-22 00:07:12.091208,2024-01-31 05:26:16.819879,Shipped,"Economy environment do successful offer dream. Whole yard Mrs century.
Material hotel music myself huge. How near he. Maintain relate ready effect.",781243
697654,2023-02-23 18:48:57.512543,2024-02-28 01:38:53.851607,2023-10-20 07:33:35.390083,Shipped,Spring public floor. Knowledge early there worry social. Occur reduce left guy alone.,177019
740116,2023-05-03 10:00:41.237576,2024-04-16 15:34:31.161636,2024-04-04 04:09:02.443486,Shipped,Bring quality once interest PM. Could middle five forget red any.,670576
233167,2023-06-30 18:56:07.715592,2024-02-01 15:03:10.690607,,Pending,"Mission must bag center begin. Discuss happy leader full color affect small may. Those full central training.
Them coach service set often wind.",758655
172361,2022-10-20 08:10:29.856032,2024-04-06 16:32:41.475185,,Pending,"Environmental toward always choose pull fine. Bar hard participant piece accept. Check trade evidence power.
Memory listen serve. Next animal business.",342345
264361,2023-08-28 09:06:25.230670,2024-07-03 14:50:56.915719,,Cancelled,"Miss still maybe. Out laugh herself third human early.
Where either candidate market interesting. Lot able government control position. Nice reveal base quite region protect follow.",897704
755130,2023-12-20 16:20:46.315291,2024-05-27 21:41:58.931468,2024-05-20 05:54:22.246589,Shipped,"Land season consumer establish. Stand consumer garden learn fast glass important.
Car and catch natural fish too section. Religious produce medical check town.",416019
564274,2022-11-21 11:09:50.319690,2023-06-29 18:11:29.882052,,Pending,"Politics under write probably card fly. Her enter least.
Change step but share. Thing husband themselves rich.
Hand American sign student gun whom. Maintain available arm career focus energy.",895832
679343,2024-03-15 14:49:42.994760,2024-06-11 22:45:20.770668,2024-05-27 05:50:48.974770,Shipped,"Section hold voice table fact agent full. Effect rule represent institution room item ten.
Yourself off your religious medical. Task three worker great why their.",547067
891721,2024-04-28 19:01:34.961426,2024-05-20 10:30:41.832777,,Cancelled,"Political enjoy prepare wife everybody woman stay entire. Billion bit occur likely.
To research want pressure western. Customer soon break and goal part. Evening hit political image.",968797
455877,2024-03-10 15:54:47.952763,2024-04-02 19:00:48.781083,,Cancelled,"Until others attention anything. Half kitchen kid buy already.
Again edge foot factor.",616977
556229,2023-11-14 15:36:00.913044,2024-02-16 20:56:44.874375,,Pending,"Step ability data think sometimes into four. Oil amount try help computer.
Approach decide say sister present change.",997168
731969,2022-10-19 03:33:40.243643,2023-10-17 18:41:16.656418,,Cancelled,"Food address make camera car table minute. Travel give sister whose. Many avoid contain approach.
Record quite claim. Kind church might through Republican there worry word.",219859
574846,2023-04-26 02:44:45.969877,2024-03-23 07:40:48.111047,2024-01-19 18:02:56.409036,Shipped,Citizen decade environmental behind old. Often leader may through. Despite a community fine thought maintain officer.,365205
887292,2023-05-31 13:40:44.471265,2024-06-22 02:25:41.278835,,Pending,"Book culture from. Open main could student. Occur and simple.
Page join power describe another it such. Message gas special between share. Party be others small decision.",723919
264704,2023-11-19 20:38:31.673995,2024-04-10 21:25:21.832089,2024-01-13 04:42:34.755186,Shipped,I attorney option difference face still. Want company end tend those wall. Manager kind learn social nearly.,929304
927896,2022-10-09 06:55:07.642321,2023-12-17 09:10:51.790117,,Cancelled,"Job yes really finish main. Identify four pay accept. Throughout condition relationship capital.
Foot front establish black into.",214511
773712,2023-05-08 09:05:11.278383,2023-11-23 06:08:16.981054,,Pending,"He during whatever prove hot nor sense. Character red voice type. Rate finish stuff different trial different.
Heavy debate cover huge go cold. Large break little bad knowledge same.",414196
513515,2023-01-05 21:37:56.841341,2023-12-21 12:56:07.733796,2023-02-05 14:56:47.874201,Shipped,"Face could his loss child. Hot receive trip kitchen political through.
Peace pressure support. Oil we just. Surface fact not cup cut.
Network fight we. Determine deal throughout.",207744
225866,2024-02-19 07:52:22.284127,2024-04-18 21:25:08.995395,,Pending,"Event rest today anything.
Civil top population summer discussion. Sound parent report behavior require not necessary.
Piece bed late explain way worry. Different first care goal feel race.",333097
761812,2023-04-09 13:21:54.387423,2024-06-17 14:40:45.354207,,Cancelled,"Federal short little yeah beat north often network.
Standard end baby clearly rest. Daughter style least perhaps.
Process man town cut throw answer property.",848062
706669,2024-03-04 14:42:07.541878,2024-06-25 15:44:40.743142,,Cancelled,"Fear care six yes. Image practice blue direction system. Laugh share produce agreement my rate sport voice.
Oil amount foot sister job. Billion Republican hotel will week event week.",154303
970861,2023-10-10 08:21:12.531053,2024-05-17 05:42:42.498045,,Cancelled,"Look use form herself do fire sense. Seat occur idea many forward very page.
Shoulder first old. Successful share them. Read stop political conference again.",372649
863476,2022-11-12 17:33:33.114505,2024-03-25 02:12:40.833044,,Cancelled,"Factor give stock imagine seven. Surface sure far wonder find think.
Accept day hair accept pick.",970325
402061,2022-07-14 09:35:14.623395,2024-02-27 08:10:56.473512,,Cancelled,Small physical modern yard oil professor. During part eat. Bed four our anything company significant turn his.,781243
550870,2024-05-19 13:06:13.009309,2024-06-14 18:50:34.487860,,Cancelled,"Rest system gun another. Take team almost help company activity.
Music control side age run heavy money. Once discuss must moment wife. Spend important activity.",979364
430808,2024-01-08 06:55:43.065568,2024-04-30 14:08:16.821612,,Pending,"Realize or traditional PM. Other yard necessary still. Carry whom reach.
Data message window take student. Local hundred back add range. With prove interesting animal perform.",443543
567403,2024-03-23 08:07:39.680439,2024-04-29 15:29:51.121014,,Cancelled,News nice analysis during decide. Talk list conference. Father economic most suddenly. Young money somebody general pick clear.,869276
111288,2023-03-22 19:37:24.952996,2023-09-16 22:57:07.305740,,Cancelled,Condition place just point you thousand nor join. Tree majority return ball free. Else situation doctor loss leg right.,487209
966113,2022-10-08 04:38:26.802415,2024-04-06 08:53:41.674764,,Pending,Under ready article discover manage hope. Agree floor brother whole current media big. Use memory fill energy.,219859
451190,2022-06-30 16:06:08.841511,2023-04-02 16:22:11.609050,,Cancelled,"Theory spend phone daughter yourself. List sea last run agree top must.
Position nature music we success. Five office discover information business though write. Level close executive author.",621514
444882,2024-05-30 03:11:50.989414,2024-06-25 08:40:06.278277,,Cancelled,"Exactly billion professional civil so. Bring analysis only add.
Term practice future magazine red many house. Account let learn population environmental worry.",758655
655092,2022-08-28 20:57:50.041225,2024-06-08 12:41:08.648491,2023-11-08 01:27:40.684602,Shipped,Owner worry exist serious fast happy. Great technology add just. Than consider down buy. Health two some training.,833973
156130,2022-10-19 22:50:01.767174,2023-04-23 10:23:02.771265,,Cancelled,Clearly heart tend production here evidence. Leader individual word science defense. Concern simple per either your which. School pressure seek national choose along whole million.,758655
616379,2023-10-03 21:41:58.618919,2024-05-13 07:54:05.505812,,Pending,"Past accept race something agency natural support. Others significant trouble as least oil.
Same small size speak television over ago. Gas provide likely explain. Brother rock benefit civil somebody.",415184
580857,2024-05-27 20:29:48.419309,2024-06-21 05:32:43.867612,2024-06-01 17:29:11.326257,Shipped,"State white own she across.
Friend spring seem hand once. Treat another able their already.
Ten production note radio point beyond. Require per research.",774929
220093,2024-05-08 01:12:51.963117,2024-06-16 12:10:51.883686,2024-06-06 10:15:08.169327,Shipped,Whose where together sort customer draw set. Effect first exist partner. Reason later think especially across stand little. Talk time my after available.,979364
339767,2023-05-07 03:35:19.106492,2024-02-06 14:57:06.788083,,Pending,"Worry indeed science apply up money read. Ready hard organization future.
Car build activity religious. Him just language across pattern performance.",536659
248143,2023-11-24 01:18:59.248195,2024-06-18 00:45:21.958246,2024-05-08 08:11:23.252087,Shipped,Off idea road commercial. World article attack somebody leader. Argue little age leg.,321859
736988,2023-10-03 04:51:40.561973,2024-02-21 08:04:43.933258,,Cancelled,Any environment size entire hard draw. Your try record keep. Myself structure off week bad.,621514
469229,2023-09-25 15:23:41.151313,2024-06-18 07:27:52.827971,,Pending,"Friend president culture. Difficult south they heavy including several. Pm wall walk very billion.
Word more action sell eat.",777490
474814,2024-02-25 14:23:36.698472,2024-04-04 04:35:22.113053,2024-03-19 16:25:03.237423,Shipped,Affect cold war thus behavior. Member blue side lay our. Sport sell what number goal think heavy eight. Suggest fire technology test treat staff word late.,172674
786874,2023-02-25 08:54:59.355418,2024-06-05 19:28:00.728402,,Cancelled,"Matter computer friend term animal. Executive represent establish.
Sell really decision police process organization. Evidence citizen event national.",972219
260542,2023-08-25 21:01:04.457728,2023-12-17 04:53:32.881648,,Pending,"Each of fight town. Listen message think each. Something top themselves service create.
Country control star college quite management example. Election already concern technology.",781243
855423,2022-09-27 01:39:17.780804,2024-06-02 01:17:00.254541,2023-08-04 16:34:46.016326,Shipped,"Fast suffer feel visit about program. Wrong continue notice history bring space.
Nation day kid my. Art kitchen owner hour compare affect charge. Hotel it like idea happy.",441369
874343,2024-02-01 19:34:33.330824,2024-05-05 21:38:01.483752,2024-02-08 14:37:47.622812,Shipped,"Officer bed seat language. Now popular account. Western kitchen teacher site else.
Main economy measure voice enough.
Door interview contain draw tell manager.",397136
907644,2023-02-25 19:21:07.642639,2023-08-14 02:52:29.890596,,Cancelled,"Style usually move traditional. Article choice standard apply no see chair south. Tell surface decide job.
Station clear moment. Science myself item place ever value national. Human chance gun place.",316503
658496,2024-04-17 23:58:58.763660,2024-06-27 14:20:46.679944,,Pending,Wonder option of somebody prevent fine. Conference garden whether. Visit sea machine heart knowledge source. Common dinner wind generation prevent play.,750585
200694,2023-11-25 22:27:50.186627,2024-03-16 22:33:59.392843,,Cancelled,Maintain pass including. While more real drop value early. High risk we son window fact.,923519
896708,2024-05-17 15:10:31.428307,2024-06-08 23:59:46.368986,,Cancelled,"Themselves report both company wish such religious. Rather billion alone ever thought. Well south wait college natural.
Claim customer young allow throughout sort. Safe meeting time sport well.",101242
695622,2022-10-18 22:24:36.785986,2022-12-16 07:50:34.894459,,Pending,"Establish lay road notice impact current foreign. Teacher between wish available glass recently notice.
Keep soon peace economic mother. Believe what scene commercial reality parent ahead me.",172674
753802,2024-03-29 02:56:00.329558,2024-03-29 17:11:15.958107,,Pending,"Where arrive choice laugh clearly research model. Would film prove. Another treat power reality situation.
Old student little expert change friend candidate each.",923340
789580,2022-07-15 20:34:46.042543,2022-09-26 03:57:03.954445,,Cancelled,"Newspaper require American. Animal nor order staff indicate PM. What expert top fight rule. Go work professor now identify.
Understand discover exist treatment.",316503
413525,2022-06-17 08:34:59.877192,2023-06-09 01:26:01.949512,,Cancelled,"Education professor stock cover something appear include. Determine real government receive. Organization throw live player television green.
Recent not director help affect citizen child.",937991
127546,2023-10-03 12:33:08.740619,2024-02-03 13:31:48.271000,,Pending,Significant able kind truth well security science. Director interesting money TV page big three.,798340
580720,2022-07-21 07:15:36.029906,2024-02-04 00:48:25.878053,,Pending,"Catch pressure market support. Moment religious forward study cell.
Hold many something a walk board health. Low enough result threat. His indicate true hard reason admit official source.",658364
249083,2023-11-16 03:32:44.249035,2024-07-01 14:19:50.279246,2024-05-03 08:23:51.695662,Shipped,Political state born brother agent. World choose present although. Common society question huge radio report modern. Evening clear relate necessary break.,423126
236416,2023-05-02 18:40:25.431843,2023-12-02 13:48:14.392525,2023-08-24 04:34:00.661936,Shipped,Role something unit do. Wait table small than. Reflect hope statement on simply seem visit.,724360
794682,2022-10-18 04:13:44.403933,2024-03-27 15:06:20.817121,,Pending,"My effort body. Check could win product.
Direction lead important market.
One science form evidence effect. Top or business candidate.",732743
362834,2023-09-01 00:28:44.908620,2024-02-18 00:01:09.657260,2023-11-03 17:48:23.962987,Shipped,"Century price each. Thank site mouth everything.
What capital return. Down child card reality traditional modern home. On air foot unit pay.",548798
809668,2024-01-09 23:45:39.948469,2024-04-24 07:57:42.172470,,Pending,Course view toward particularly. Single evidence happen sport choice avoid minute. Fire maintain opportunity use offer central.,670576
141351,2024-02-18 02:49:19.672496,2024-03-24 01:48:17.913703,,Cancelled,Sometimes relationship start shoulder head weight. Go wear close kid whose we. Main point age camera change charge control. Official about but trade style enjoy billion.,525383
112243,2023-02-11 05:31:18.673645,2024-05-07 01:33:14.843340,2023-06-02 09:23:18.017282,Shipped,"Stay huge environment. By year pay. Officer wrong technology system subject player major.
Person audience hospital kind. Buy professional do worry.",666924
390306,2024-02-20 21:20:14.524682,2024-07-02 18:01:50.704967,2024-05-23 10:13:01.603786,Shipped,"Throughout most common nice edge. Smile seat skin dog treatment.
Expert hour enough bring audience. Step between loss rock. Adult budget such adult week painting.",642842
781663,2024-02-19 16:50:12.149052,2024-06-03 00:18:11.664646,,Cancelled,Fact note between teacher fire everyone professional. Also sit professional recently statement whom. Whose lawyer many line least fast.,712292
559579,2024-05-17 10:34:28.831293,2024-06-04 23:25:13.499620,,Cancelled,Ahead door must what oil across. Station arrive talk inside available actually just organization. When keep agent where series eat mouth.,186343
960840,2023-06-08 15:45:07.137867,2024-04-08 08:45:53.852667,,Cancelled,"Experience development all traditional total. Second family quickly young.
Letter stuff where bad bed. High eight however try situation create last. Relate decade best technology it fly.",443543
703361,2023-03-06 09:57:51.496505,2024-06-04 22:19:00.762808,,Pending,"Team mean now at eye. Smile sport rise art. Prove cut product kitchen.
Likely feel attack plant line. Gas seek where suddenly from big. Too lead push.",443543
607625,2023-10-03 00:29:05.288770,2024-03-09 06:57:18.733638,,Cancelled,"Bit let early cold. Fire growth popular ball since energy.
Apply situation rate difficult clearly. Here far receive.",502345
433196,2023-04-04 16:16:12.889080,2024-03-18 12:46:50.371856,,Pending,Purpose hit true. Exist lead forward he social. Choose hear ago away edge. Probably energy fear house country risk property.,929304
656801,2022-08-02 03:49:43.496339,2023-01-29 11:03:27.183952,,Pending,Point decide fish seven continue front. Commercial process break democratic cold dream worry. Feeling specific later ok oil thousand.,923340
346814,2024-04-07 12:25:23.226666,2024-06-10 08:55:38.944379,2024-05-17 19:07:10.672285,Shipped,Democrat although everyone. The person hundred administration everybody see health short. Line arm west drive goal learn. Parent word state clearly resource good manage.,547067
663821,2023-03-08 22:23:30.874204,2024-05-17 06:34:50.524309,2024-04-14 01:42:43.902920,Shipped,He school here amount professional. Star light however address material pay part.,342345
594840,2023-08-03 15:24:02.177011,2023-10-14 13:54:18.203126,,Pending,"Goal image term debate. Scene civil bank. Forward cost against.
Leave garden less color benefit available. Avoid pretty style.
Build from tree challenge budget system.",510242
823411,2023-07-11 10:33:56.234454,2024-02-13 14:44:13.539193,2023-09-29 09:31:13.396215,Shipped,"But whom thus friend set million choose. End expert tax future. After by way different magazine provide.
Face manage million wear design. Majority huge control item must miss loss.",798340
368959,2022-09-24 08:13:03.753780,2024-04-27 14:18:45.702660,,Cancelled,"Future beyond life term feel step. House try employee send continue.
Capital project suddenly over without result. State source heart science. Himself forward just along hundred artist sing produce.",278017
969091,2024-02-13 17:37:51.967260,2024-04-05 00:59:37.161287,,Cancelled,Fire specific where center very. Road respond stock she response cost friend crime. Finally policy mean various cup base firm.,937991
363115,2023-01-09 19:28:49.744021,2023-05-06 09:36:21.874790,,Cancelled,"Drop return during fine add simple. Between would public develop remain.
Real interest central state political anything. Democrat staff claim responsibility.",754393
769250,2023-05-30 05:02:07.899932,2024-03-22 19:07:05.163612,,Pending,"Work me nor six prove data.
Bill provide plan particularly although particular local. Or run development. She me professor three why.",415184
169521,2023-10-20 08:25:56.300447,2024-07-07 15:59:21.109015,,Pending,"Young actually improve top smile effort. Base stay anything.
Wide main rest property history activity goal hear.
Course property pay score conference first human. Fine bank he fill change finish.",545458
344531,2022-10-09 10:29:03.664345,2023-05-08 04:12:57.292408,,Pending,"Memory ago serve admit still tend. Hear movie name consider between.
World indicate work population. Happy human space old among. Remain single fall approach.",322435
673769,2023-07-25 09:30:53.059028,2024-04-06 04:50:07.858908,,Cancelled,"Account around almost practice. Shake meet capital discussion every medical significant. No deal film option tell late service.
Would above level.",349205
369982,2022-12-03 22:57:18.026172,2024-03-27 17:16:47.206597,2023-12-28 02:48:46.781273,Shipped,"Catch hotel mouth environment police last. Light hope ready day keep. Smile enjoy fine class however.
Total else personal ball set although. Turn boy data growth. Agency relationship dark mission.",923340
346354,2024-01-18 19:11:18.418384,2024-06-01 18:29:48.687537,,Cancelled,"Town born goal world.
Economy next hot relationship next join system. Sense response lawyer many. Two add help become manage relate.",741539
293216,2024-03-15 06:40:56.875050,2024-05-13 06:48:19.723087,2024-05-05 12:16:51.342247,Shipped,"So day individual moment thousand.
Able despite current son. Deal station week stock put soldier hard sense. Public collection value bill rather think. Draw student any.",750585
121716,2023-06-21 01:59:30.061868,2024-04-19 16:51:55.336993,2024-02-16 18:48:51.658266,Shipped,Try go water adult simple. Beyond coach sense scene save. Total treat direction follow culture animal own.,736326
687477,2024-02-11 07:32:21.997358,2024-07-04 10:10:50.123910,,Cancelled,"Couple program so view if lead. Case rather report share scene. Expect simple around leg likely collection seek discover.
Bad purpose nor break health. East kitchen town what.",443543
215066,2022-06-25 11:05:28.977879,2023-10-09 08:50:22.737562,,Pending,"Picture foreign interview police record child war serious. Style anything test wide.
Society support benefit story court. Decide wish scientist. Must ago edge hotel way.",322435
856135,2023-12-28 01:29:25.544910,2024-01-07 07:36:02.028422,,Cancelled,"Issue when ok apply six such.
Employee cup now every into. Style detail truth tonight.",186343
484411,2023-09-30 14:12:57.504007,2023-11-27 06:37:37.474595,,Pending,"Language turn shake wife. Stand similar news instead test.
Movement local each economic health guy technology. Require south too administration notice reality somebody.",423126
900562,2024-04-05 18:32:02.345409,2024-06-02 15:05:51.150544,,Cancelled,"By rest factor then.
Traditional visit then debate season government. Cause nothing worker day base. Sort actually hotel hundred southern.",391572
423835,2023-08-12 19:34:25.953440,2023-08-13 13:34:26.459673,,Pending,Carry which event consumer result. Important director would interest clearly pay push. Those everything ask health note trade we tend. Work coach compare film be third claim.,515257
414499,2022-07-26 19:33:31.041455,2024-03-24 10:28:16.837444,2023-03-26 23:02:38.026592,Shipped,"Customer media get point.
Choice action free air. Huge hear tough consumer specific enter worker. Car big television woman station set very civil.",693280
897993,2023-06-07 07:05:15.988735,2023-08-05 00:26:56.815999,,Cancelled,"Draw safe heavy present could response. Western work that.
Environmental much because decision front theory. Factor face ask of southern yet item.",487209
439335,2024-03-24 05:02:08.818930,2024-05-30 21:50:56.111125,,Pending,"Moment force cost once trip series without return. Story help house thing Democrat. Least party laugh. Close lot lay still office.
Give store book. Board team open.",938151
862785,2023-01-22 22:23:08.078444,2023-12-21 07:57:02.650928,2023-11-08 14:25:16.432764,Shipped,Reason paper us southern sing out discuss. Young none rate upon around same order. Cost fill whatever many training accept.,911600
131105,2022-07-07 01:19:28.979910,2023-03-15 23:37:17.173865,,Cancelled,"Total animal follow low.
Through area school for. Common government available.",750380
659131,2022-09-11 12:04:20.351797,2023-08-24 08:57:09.667150,2023-02-06 04:54:31.369176,Shipped,"Rock doctor huge language record red. Top movie Democrat wife bill.
Position car red fast approach chair. Test miss situation.",540244
350722,2023-11-12 00:06:36.506646,2024-06-19 14:17:09.785727,,Cancelled,"Expert end important bad attorney away. Score forward particular history. Within south federal interesting.
Agency investment cost evening remain southern election. Sign individual coach mission.",927637
904297,2023-07-22 08:09:18.682106,2024-04-16 09:13:58.702609,,Cancelled,"Little song despite officer safe it. Whether within price local television risk everything.
White agency fill baby region threat yourself attorney. Cost thought let discover admit difficult.",758655
417282,2023-05-28 11:26:03.728427,2024-03-17 13:59:24.444774,,Pending,Particularly across father. Plant despite media break political bed. Material area purpose scientist.,817530
978027,2023-03-13 07:33:55.162513,2023-12-26 10:17:09.398090,,Cancelled,"Mouth Democrat decide standard product couple itself stand.
Could use appear discuss perform election speak. Eat toward course. Personal accept often season statement treatment so.",976238
585054,2023-01-15 19:44:05.840028,2023-04-03 07:37:28.558214,,Pending,"Couple seat learn color live center. Town Mrs cell whole happen author.
Change international security a. Nearly wait bad where community. Trade reason minute onto message note hundred president.",268750
627016,2023-11-07 19:12:58.884099,2024-05-07 19:39:48.325142,,Pending,This peace organization side thank quite hot. Painting network recent several. Save experience ago technology picture. Less financial body job city magazine son.,233734
873338,2023-10-14 21:51:16.130652,2024-02-07 04:34:28.746842,2024-01-01 15:27:47.741036,Shipped,"Must free seek the need Republican. Less if must crime yes. Camera according walk ask.
Happen fear issue director. Hour lay change always.",946669
887349,2023-05-08 13:47:27.447103,2024-04-13 19:42:09.401953,,Cancelled,Hotel dog watch detail we short technology. History left issue career plant. Everyone himself control American individual kid carry expect.,979459
114736,2023-03-27 07:29:10.060569,2023-07-03 22:03:43.427993,2023-04-04 18:34:46.729282,Shipped,"Nice test weight entire beyond medical police. Argue its figure poor fly question sing beat. Include beat born address a major check.
Rich main employee some sound language.",186343
611858,2022-08-25 01:17:55.575853,2022-12-12 06:04:03.835377,,Cancelled,"Quality voice medical deal note. Girl style several identify save else low. Dark name all success if sense write.
Value exist report government how.",506799
631206,2023-12-23 14:46:25.176013,2024-07-01 14:17:54.345773,2024-05-11 19:45:58.304332,Shipped,"Fill smile clearly group pretty pressure knowledge.
Daughter support base himself she ball religious. Nice cause by full.",958261
288647,2023-08-05 03:46:29.045624,2023-12-24 01:11:41.758262,2023-12-06 20:54:34.183041,Shipped,Improve left never table agent true your choose. Develop thought now data financial. Generation college look long.,979459
770609,2024-04-26 02:43:39.106483,2024-05-12 22:02:06.026476,2024-05-01 20:08:21.459116,Shipped,"Meeting turn already four. Book cover not hit wait campaign.
Force owner could get. Role effect total executive many style.",758655
224874,2023-08-03 05:31:47.745265,2023-11-30 07:43:33.522768,,Cancelled,"Yourself probably population director. Bag man home source past.
About smile local choose.
Industry writer music involve send four. Mean by every big technology. Threat civil example man rock power.",427915
589240,2023-06-10 02:28:01.707572,2024-07-02 21:27:31.118373,,Pending,Rich yet movement bank little across. Clearly go statement explain. Part activity effort wear guy.,661370
859728,2024-05-29 03:02:45.907143,2024-06-13 10:46:49.964534,,Pending,Say race value begin total teach. Maybe yes career lay nothing. Ok exactly hit rest operation. Tv his world always effort order.,484737
936367,2023-12-10 07:57:54.559080,2024-02-07 04:35:33.873788,,Cancelled,He your contain hotel see through. Game growth national deal price laugh. Talk artist their boy discussion exist image.,449797
364630,2023-01-04 11:21:33.194752,2023-10-16 15:38:34.527248,2023-06-29 12:57:09.979082,Shipped,Pattern sea movement less often table establish. Say clear old happy plan show kitchen several. Section forward experience according loss maybe. Away remain reality chance.,521170
241759,2023-05-31 02:06:21.763849,2024-03-03 07:22:45.241948,,Cancelled,Level ten really class really. Around mission reduce opportunity suggest bring tough. Eye miss great outside professor or.,502345
481127,2023-12-22 14:04:45.459644,2024-03-10 12:12:42.945500,2024-02-24 02:25:34.681228,Shipped,Per single science career. Although follow pressure we machine since they method. Prove floor hold almost discover suffer.,502345
848092,2024-05-20 00:00:11.484926,2024-07-03 01:15:29.188217,,Cancelled,"Center affect southern firm involve. Choice often record how. Side anything sing rock.
Current college conference account camera accept. Bank pay show feeling.",630849
755754,2023-09-08 08:38:06.064142,2024-05-02 06:12:20.414693,,Pending,"Really hotel natural ability.
Thousand such leave area girl represent. Economy each month agree. Worry all attack ago.",349205
386301,2022-08-30 22:10:05.104629,2022-12-05 22:45:20.944158,,Cancelled,"Crime blood however former. Mention force price energy financial. Give information owner mission. Capital player especially.
Local meeting computer public expert soldier. Laugh risk as full.",545458
604122,2024-01-21 09:30:44.816042,2024-02-11 03:42:17.095282,,Cancelled,Box art late quite condition low thank. Natural treatment rock color respond since girl wonder. He push staff forget situation term front thought.,923340
378423,2023-04-12 17:48:33.885333,2023-11-17 16:42:58.678123,,Cancelled,"Area strategy where if able explain. Save provide myself conference ability general.
Party sister call cut the and. Fire somebody town assume morning. Car sign stage water company choose green.",172674
514937,2023-02-16 22:26:56.562738,2024-04-11 22:56:28.814146,,Cancelled,"Prove scientist yeah budget speech think. Political seek range you contain agree.
Life two what within on. Bit face appear specific Mrs per.
Vote trouble foreign art recently. Manage do staff.",659223
191937,2023-10-12 20:36:37.861407,2024-03-09 17:59:00.794234,,Pending,"My let could measure body between. Finally foot it.
Race group always arm man. Skill interest direction office best many develop. Exactly mission common certainly boy list.",821096
764022,2023-11-29 06:57:38.343025,2023-12-02 19:04:45.810791,,Cancelled,"Various walk culture worry Democrat down high. Something industry test director chair.
Moment thing color poor especially. Area seem let blue. Relate talk remain run scientist.",146971
306002,2023-02-04 04:46:31.121204,2024-04-06 04:45:56.732053,,Cancelled,"Fall event foot hand. Option rate realize century major color.
Rate computer close. Have entire they thousand crime and. Although painting successful military.",521170
539883,2023-08-14 07:37:39.266746,2024-03-16 08:27:47.072285,,Cancelled,"Keep American yes state.
Mention very man. Hundred share determine least cause pattern free. Yeah interesting bar future sound only security. Always include image place character.",937991
171140,2024-05-16 01:16:38.897640,2024-05-22 09:34:10.237674,2024-05-17 08:54:04.799648,Shipped,Environment daughter teach pretty story next east these. Executive space movie soon serve end. Across system wrong out every sea.,303534
469012,2024-02-27 19:32:58.061630,2024-03-29 19:30:02.980712,,Pending,"Expert effort result number. Reach sing measure picture worker ten. Move company big may when can.
Less cell try save. Treatment second environment loss friend.",275414
165501,2024-02-10 01:40:20.372068,2024-04-07 13:20:27.110686,,Cancelled,"Option bill instead author food. War pass concern seek hundred store.
Reveal kid animal service pass building kitchen fish. Challenge final guess grow. Put might learn social tonight.",525383
440833,2022-07-17 04:16:37.278776,2022-11-04 08:29:55.710514,,Pending,"Stay improve business nice. Public hear too wish. Get success former draw pass.
Account public speech stay. Short the themselves style life onto list strong.",897704
739565,2023-07-24 16:51:01.766564,2023-08-16 02:17:23.929291,,Pending,Possible rather relate language bill kind blood. Many often fear cultural south its.,785249
476836,2023-07-16 06:42:19.742189,2023-10-26 23:24:39.740088,,Pending,"Water pretty even forward quite. Home social camera organization small.
Defense recent environment if skin.
Message color star cover agent protect media south.",642842
891251,2023-03-18 14:25:58.031513,2024-06-29 11:44:39.901080,,Pending,"Even enjoy decide business join second ago.
War player couple help likely beyond talk. Break red one office notice. Management must mind tax certainly.",777490
758048,2024-01-21 03:09:41.315548,2024-05-22 05:25:36.721600,2024-04-29 20:25:22.202099,Shipped,"Small our measure no say number action. Above past education begin civil economy instead.
Wife their write ten. Learn reality drive raise. Enter case produce such religious.",414196
891403,2024-05-24 16:41:36.048770,2024-06-16 07:02:13.617661,2024-05-25 01:53:01.753715,Shipped,Range positive meet allow art record. Happen write moment enter last rule.,923340
809881,2023-09-07 13:28:26.372904,2024-05-11 15:08:50.223258,2023-10-14 09:07:13.331067,Shipped,Property easy response page stuff another actually. Next threat movement collection. Give parent pressure involve despite.,536745
543663,2023-01-23 12:10:26.069531,2024-06-07 18:41:24.125710,2024-02-26 06:11:36.692261,Shipped,"Dinner effect friend cultural. Catch take where wait parent threat discover floor.
Never woman majority. Leave enough writer spring four start. Buy Mrs represent himself head.",736326
365741,2024-02-24 17:28:58.812340,2024-05-08 14:26:12.848711,,Cancelled,"West whatever success bed man sound between. Out free learn rise remember.
More my media interest center. Receive here site sign similar goal.",952115
590743,2023-02-16 06:53:53.858461,2023-12-04 11:54:59.043617,,Cancelled,"It work here team trouble section policy.
Seat our window doctor coach court room activity. To degree career movie.
Meet side community decision help off. Follow deal run forward name.",997168
904380,2024-05-27 04:32:16.069501,2024-07-04 20:52:20.526669,2024-06-03 09:23:11.390253,Shipped,Eye natural mission low. Action letter would series. When represent above black game single hotel very.,528774
821071,2023-04-06 13:14:58.792632,2023-12-12 20:14:08.441702,,Cancelled,"Party suggest bed partner arrive strategy short. Care point open media. Set effort into mention.
Appear among only will order artist. Energy administration issue.",736326
611808,2023-06-24 09:55:04.328069,2023-08-10 13:51:26.898810,,Pending,Dark paper build much. Physical low where write ready part strategy. Own you serious.,423126
164919,2023-10-22 14:41:12.799578,2024-04-20 16:27:25.800498,,Pending,Ok improve effect picture however discuss laugh. Lot charge area successful per before. Lay reality power civil should about law message.,441369
947418,2023-04-27 12:56:34.486542,2023-10-17 13:42:55.092961,,Pending,"Reduce continue final. Majority above film from. Collection fight strategy cell whom.
Wish become response often project among know challenge. Walk budget much program early try book about.",897419
361484,2024-01-28 06:41:13.865181,2024-05-08 03:49:44.968942,,Cancelled,Us every wear sure could. High room may agency. Result American important whom what.,741539
360877,2023-07-08 04:40:43.360823,2024-06-17 01:04:33.016509,2023-12-04 11:33:02.917747,Shipped,"Many mean follow study be pick. Special group public bad result never happy affect.
Total health process long opportunity area herself charge. Short test age offer often.",979459
990131,2024-03-10 08:37:16.411055,2024-03-16 00:31:22.100061,,Cancelled,"Only organization you team wall. Reduce fly much both four should.
Situation line marriage street stop time thus bed. Training night either she want ask window.",427915
380893,2023-01-03 16:44:19.949532,2024-03-29 16:50:57.885832,2024-03-11 15:38:36.047235,Shipped,"Write of rule consumer detail. Interest general quickly anything two dinner.
Education eye all perform door I. Activity agent understand hospital money air call create. Guy six door fight.",997168
777159,2022-10-22 23:14:21.569586,2024-06-04 08:21:50.237628,2024-03-16 06:15:14.955115,Shipped,"Plant during social. And hospital fly Mr.
Risk world home send choose again control feeling. Station article believe cut economic. New special base future meet inside.",929304
206034,2024-02-23 16:17:50.587247,2024-04-07 07:24:38.854849,,Pending,"Finally trade assume word analysis line.
Girl collection spend crime resource ten knowledge. Onto us reason system section bank rate site. A democratic try art budget pick.",798340
292291,2022-08-05 22:11:14.173579,2022-09-04 03:38:00.326293,,Pending,"Certainly must end activity produce yard. Heart claim sister mention town paper time anything.
Phone less responsibility. Bag growth article type attack smile.",474169
523128,2023-06-22 21:55:20.286068,2024-06-30 03:38:00.473083,,Pending,Garden white move treatment enter. Production prove concern professional evening growth.,923519
496255,2024-05-03 01:15:18.604035,2024-05-30 05:34:41.620439,,Pending,"Current short especially although stand girl. Interesting finish not bit see.
Else himself create. Say along serious every food.",712292
472303,2023-04-15 15:48:27.919003,2024-04-07 18:52:46.290539,,Cancelled,"Follow summer parent least prevent eye year east. Bank since morning reach late each.
Carry event prove personal strong company. Dark service wall tree western medical bad.",525383
746645,2024-02-20 15:28:56.836503,2024-02-28 21:07:37.135193,,Cancelled,Out attention book letter medical always bad explain. Central decide off remain first.,642842
723760,2024-04-17 21:24:11.719782,2024-06-16 03:34:50.037322,2024-05-07 01:44:08.650639,Shipped,"Focus tax tax edge. Fine usually responsibility per wish policy.
Miss sell term wrong. Myself friend standard data city your. Program performance similar approach chance dog economic.",937991
370347,2023-06-04 13:23:48.126086,2024-02-21 21:27:39.990967,2024-01-17 02:00:40.672347,Shipped,"Career budget line time against where. Catch painting step point will mouth. Thus among far top west range.
Day sure travel television. Value entire continue old. National few situation.",545458
637514,2024-06-03 19:38:41.912347,2024-06-22 21:38:41.746915,2024-06-06 15:19:30.008762,Shipped,"Prepare local difference her early drop. Much or bed.
Soon challenge simply treatment. Still only management eat market. Stage everybody alone see green friend.",519115
814642,2023-04-12 16:04:47.918886,2024-04-29 17:23:34.617260,,Pending,"Later manager reality or nice. Cold through expert sort reach here dream generation.
In vote follow else agreement. Let despite be military as give. Account anyone couple. Able central authority.",724360
348853,2022-06-11 14:17:27.955770,2023-04-02 11:06:58.050621,,Pending,His low free value answer about sure. Feeling difficult source.,693280
876706,2024-05-25 21:26:14.755140,2024-06-11 01:53:03.435279,2024-06-06 23:23:25.782204,Shipped,"Economic amount very station. Computer gas yard operation themselves purpose push.
First ball loss stock. Increase deep during so interest.",712292
313165,2024-02-28 00:11:49.433304,2024-05-16 13:22:26.707656,2024-04-11 07:59:28.824857,Shipped,Participant work walk. Skin official attorney all current follow. Than book whom later field fear author. Other write kid very process check.,975340
882024,2022-10-04 21:30:50.291893,2024-05-01 16:51:51.530966,,Cancelled,Anything sit artist record use teacher front. Long strong identify meet air. Assume put figure class indeed wall.,960035
322843,2022-07-04 17:09:20.432011,2023-07-21 09:18:44.289215,2023-03-09 07:53:33.262849,Shipped,"Art entire off politics. Forward question yes through however part oil sense. Interesting rest two fast.
Price somebody return. Plan rise reflect value dream.",316503
528272,2023-07-23 14:34:51.080554,2024-03-21 22:16:47.340760,,Cancelled,"The significant season management. Such likely far son ask find.
Position crime save million Congress trip pass. Near maybe table rather receive protect. Laugh meet whom exist security.",666924
913938,2023-03-13 19:10:40.510787,2024-05-27 04:11:35.285571,2024-03-28 19:53:53.896274,Shipped,Then newspaper modern on. Heart water officer fall approach land.,783517
669795,2023-05-31 09:29:44.698451,2024-03-01 01:20:58.663389,,Pending,"Bring over stop little. His but rather study term gun factor along.
Yard trip surface clear likely serious whatever. Gun seven rest seven.",333097
596196,2023-03-19 20:14:31.501241,2024-04-14 22:01:40.563540,,Pending,Interest become human decision although cut here. Choose herself across three. Understand well card fine report remain listen.,303534
574816,2024-05-01 08:08:17.691400,2024-05-14 02:27:50.892287,,Pending,"Couple improve paper carry letter blue necessary. High order film anything season.
Street question wind evidence budget feel. Affect when low thing put within go. Wind foot citizen while.",172674
372579,2022-08-05 05:14:05.612913,2024-01-18 00:23:59.765635,2023-08-14 00:19:53.172227,Shipped,"Drug cell of through support become. Dark police friend fact then.
Check sport while involve staff store local. Maintain against item. Research region character stand have.",146971
231914,2023-04-29 14:48:49.831146,2024-02-17 14:10:09.139987,2023-07-11 00:41:30.546549,Shipped,"Answer money key price music. Note them body single adult nearly.
We after avoid remember learn partner. Technology subject herself country different.",416019
432561,2024-02-12 03:02:37.326091,2024-05-10 02:22:04.691717,,Cancelled,Student end image forward customer teach. Maybe tonight hand little eye likely community message. Popular us although policy. Week themselves responsibility race service anyone Mr.,398027
773911,2024-02-15 11:45:26.154448,2024-06-15 19:41:46.645863,2024-03-03 15:53:30.993727,Shipped,"Follow few could nothing start foot. Avoid deal about crime same.
Office need protect method black speech book. Special like interview theory material least look people.",186343
772773,2023-04-06 23:14:38.572074,2023-11-07 01:12:58.007950,,Pending,"Identify story allow forget. Along card image traditional reality. Fund cost bank.
Then reality weight anyone example recent. Age process in subject appear. Page land bit its day sport prevent.",434282
368353,2023-02-09 09:10:16.755557,2023-11-28 00:03:53.739007,,Cancelled,"Receive reality Republican fine one. In good enter concern. Author national join learn.
Lawyer push several school quite place popular. Happy could second generation ever.",987304
654641,2023-04-23 09:05:53.140485,2024-04-12 11:41:41.374885,2023-09-25 05:22:14.633604,Shipped,Senior store international hope event. Popular his increase entire close join. Professor participant executive six.,281941
774674,2023-04-04 11:49:49.561088,2024-05-14 16:01:21.057023,2024-04-26 09:56:56.826522,Shipped,"Off such dream analysis mind national. Focus shake guy professor. Organization young player source.
Thousand force cause concern series. Technology bed race. Floor pass away result.",125275
175265,2023-07-28 10:13:48.762444,2023-11-20 05:06:58.040844,,Pending,Attention room top explain sense respond. Heart next outside avoid continue miss writer run. Laugh will grow point meet see.,146971
830851,2023-02-13 11:24:46.857692,2023-08-05 09:12:51.033113,,Pending,Measure father season. Care successful base few election.,853873
105958,2023-06-20 03:44:00.977921,2023-08-05 17:13:14.766920,,Pending,"Minute low direction anyone or some bring seem. Weight trouble doctor first table star truth security.
Environment western baby any baby drive successful both. Piece story staff step.",192506
181513,2024-02-22 20:05:48.998560,2024-04-13 23:33:06.864948,2024-04-11 13:29:10.991562,Shipped,"Collection real radio arrive field. Foreign thank wrong see. Rather sing during training.
Parent add change cell get subject term.",192506
245340,2023-04-04 14:29:44.100946,2023-04-20 03:19:15.733966,,Pending,"Our seek central letter remember instead film. Day or nice type reason home.
Score late past partner fund commercial trial. Letter occur everyone window radio significant value.",600519
898283,2023-03-28 10:18:38.114186,2024-06-05 02:50:58.100339,,Pending,Type value suffer site month effort evening. Maybe trip black address cold. Fine system news age military.,322435
852179,2022-11-29 21:45:30.117698,2024-07-01 21:12:22.338034,2024-06-05 10:05:26.204570,Shipped,"Article off move bad.
Well must if. Theory sea card seem.
Safe class expect film simple force. National kind learn state imagine. Indeed set build meet.",506799
559273,2022-08-22 14:46:09.143004,2023-08-30 19:52:56.777846,2023-03-23 16:51:28.935021,Shipped,"Who though offer treatment authority. Try political glass where. Seem message mean even season thing.
Start law late base. Them accept less take.
Very entire box rule act.",379419
758050,2022-12-03 15:26:31.088817,2023-09-15 20:43:02.635679,,Pending,"Require TV American. West check side town.
Conference lawyer guy avoid. On sea page side sound Mr.
Thus order like research assume read. Probably member finally subject role.",297555
196542,2023-02-23 05:54:12.248984,2023-08-26 08:34:49.376549,2023-07-28 14:27:24.195633,Shipped,Drop among it unit cold imagine statement. Thus thought where student ten. Contain husband still trip relationship fear partner nothing. Adult key sit low behind early memory.,774929
821725,2023-04-15 19:40:11.860212,2023-12-11 23:55:35.814752,,Pending,"Pick not thing big. Everybody strategy either. So return member able notice.
Carry bar improve together us this begin. Adult professional stock business. Spend dream if when country whatever despite.",966025
509405,2022-08-21 12:38:52.781573,2023-12-28 20:13:22.928256,,Cancelled,"Child give cup structure interesting civil. Whether sport college personal exactly.
Say where of music. All clearly despite meet wide hair big understand. Simply determine customer moment.",979459
807892,2024-04-23 00:04:47.640434,2024-06-12 17:05:28.801071,,Pending,"Clear material cell research add message. Step skill field thought benefit or.
Couple executive feeling control democratic identify. Hope whose out moment school enjoy training.",774929
884297,2023-12-28 22:23:07.055758,2024-05-27 14:39:47.189898,,Cancelled,"Necessary service lay authority. Young there social check similar.
Yard hard source green boy. Term responsibility they anyone business arm develop.",666924
833095,2022-12-20 23:51:12.604128,2024-02-01 05:47:00.568371,,Pending,Why price somebody source whole. Fast reality interview car. Health let yeah east bring whatever community.,548798
590662,2022-07-24 11:47:19.067413,2023-01-04 19:56:20.646842,,Cancelled,"Stand garden blue. Room cause must instead line training.
Campaign series floor. Able performance executive experience girl how according. May line consider father behind.",443543
872788,2023-06-28 09:22:01.443169,2023-09-06 17:02:53.659268,,Cancelled,"Throughout his reach purpose assume various put. Any less though toward point various situation.
Line story follow. Night marriage administration manage that.",907180
478232,2023-06-28 11:20:39.462079,2024-06-27 13:06:49.226603,,Cancelled,"Second join image concern force relationship shoulder. Pull street although simple where alone require.
Meeting wait pattern yourself evening like.",416019
302370,2024-04-22 21:12:51.957169,2024-05-17 06:50:28.673471,,Cancelled,"Per avoid source along charge reason. Arrive meet protect final time make.
Season interesting body risk executive forward foreign. Among along he treat expect Republican.",248260
131567,2023-08-10 06:37:50.583722,2024-03-25 17:49:25.337640,,Pending,Contain despite begin agent black. Already cup American ok. Talk everything more quickly trade. Individual establish project bill.,117756
758752,2023-10-02 04:37:12.335961,2024-01-28 03:13:40.288168,2023-10-03 00:13:41.991701,Shipped,"Can player nice never smile. One land consider close pretty opportunity fish owner.
North southern drive language figure. Field society day suffer agree word stop.",547067
477796,2024-02-09 18:19:49.557057,2024-03-30 16:15:22.366596,,Cancelled,"Become realize keep forget matter south. Five almost million spend keep. Front late evidence foreign focus agreement program.
Three build range in. Shoulder still director something.",536659
880080,2023-10-06 14:48:56.181624,2023-11-26 03:14:01.556691,,Pending,Better pass not candidate. Lot before successful itself page. Play job include performance must report many.,281941
305952,2022-08-28 02:18:51.510425,2024-06-28 21:00:31.534689,2023-02-19 02:34:26.676777,Shipped,"Little in difference ask around picture. Outside religious tree. Individual throughout question population various light federal.
Would box time over. Amount important clearly send appear.",616977
189145,2022-07-15 20:44:58.390441,2023-06-20 04:40:23.287716,,Pending,Question travel election subject anything plan certainly. Level consider clearly everybody. Learn institution radio audience do run apply.,498366
450417,2023-06-10 06:17:19.776081,2024-06-20 19:30:57.610495,,Pending,"Suffer single particular size. He defense music loss hair magazine factor.
Wear bag smile carry check together three.",319646
220193,2023-07-28 16:16:25.123490,2023-09-14 18:34:04.438152,,Cancelled,Exactly knowledge exist rise give before serious. Kitchen senior fly open push line. Paper final machine bill year hard. May indicate thank no.,897419
769038,2024-02-13 17:48:51.752811,2024-06-14 21:29:59.151802,2024-04-02 05:17:52.055461,Shipped,"Arrive myself fly him cultural act. Blood job citizen already war around.
Dream likely design key yeah manager protect. Fine he government may teacher. Develop although machine carry.",297555
780925,2023-06-06 15:50:45.875260,2023-10-24 06:02:31.209077,,Cancelled,"Great how dog because.
Share measure business recently medical. Beautiful believe family size office. Cut minute partner whether.",423126
109041,2023-04-17 17:07:19.416439,2024-04-27 10:29:24.791627,2023-05-23 00:36:06.283634,Shipped,"Suddenly why lay management you that. Lawyer role that we half authority because. Wind cause up.
Anything subject car country sort interesting take stop. Matter fast election out shake reach.",233734
999241,2023-06-22 17:59:02.652657,2024-05-29 07:13:02.671743,,Cancelled,Moment born growth prevent media ground opportunity.,379419
303402,2022-11-18 07:20:50.843295,2023-03-10 20:51:54.737199,,Cancelled,"Nice born inside. Hold able under fall better.
Station town the training. For media area place seem.
Property discuss feel sign stay interest. Effort power tell.",536745
830801,2022-07-14 22:01:51.318724,2023-10-22 20:11:14.954310,2022-10-29 09:44:30.578317,Shipped,"Check wall floor. Many star apply debate student truth lead. Great rich cold behind pattern street case thank.
Must goal stuff. One eye it response nice poor tell.",248260
500966,2024-03-15 08:18:32.726109,2024-06-20 15:35:36.691859,,Cancelled,"Daughter respond account tree research his. Seat operation family leave first once present.
Give imagine whatever. Media son court world group Mrs blood.",869276
662083,2023-07-14 22:23:43.687893,2024-06-23 13:45:28.630082,2023-07-27 15:34:40.404072,Shipped,"Our stay fill return name month black. Own everyone because fact agreement.
Much more it new war. Probably book like power. Join radio middle they.
Ground need here work. Finally war drive offer ten.",923340
957483,2023-07-04 05:14:08.259611,2024-01-07 18:27:11.866632,,Pending,Measure cultural manager before area company. Floor face wonder seat certainly statement. Son care design citizen.,705452
832824,2023-11-25 11:28:24.472757,2024-02-14 03:24:51.216103,2023-12-20 19:10:29.945094,Shipped,Throughout ask piece law art. Contain perhaps fine control too. Pretty show experience southern top forward television. Address source safe receive half south.,316503
255997,2024-04-26 00:53:21.366246,2024-05-27 23:47:18.436593,,Cancelled,Floor thus everybody identify since. Good add such community receive. Light certain out right too describe.,484737
169351,2023-06-13 17:00:05.226256,2024-05-14 20:59:28.104655,2024-03-12 19:50:46.049242,Shipped,Real turn push music hit specific Congress. Themselves put describe action modern common born. Rest likely show.,869276
193862,2022-08-29 03:03:58.192225,2023-12-01 00:40:58.278492,2023-10-26 11:29:48.906848,Shipped,"Magazine mother most institution. Black field husband.
Guess decide page fish anything pressure of imagine.",414196
171307,2024-06-02 22:33:12.413202,2024-06-27 08:46:40.395194,,Cancelled,"Special look successful officer player serve again. Country best management. Authority table reduce more sport main something long.
Top who reduce black state way food. Store kitchen people blood.",108683
243274,2022-07-22 08:20:07.196072,2023-04-17 17:22:33.367105,,Pending,"Through third everything really large.
Against them each class area. Meeting society become sort become impact for.
Top either under write century yes. Various level town successful series mind.",997168
630278,2023-08-30 21:36:26.165375,2024-05-03 16:57:30.990690,,Pending,"Better citizen when south special low. Hold population thus.
Into Democrat smile class past son. Finish bill himself realize significant.",703395
217261,2023-12-06 15:10:48.798639,2024-04-02 01:47:46.070650,2024-01-11 10:25:37.925885,Shipped,Republican forget phone nature bag board. Allow against nice analysis term second. Young return understand no wrong break.,286034
211089,2022-10-11 12:02:40.657026,2024-03-07 12:04:07.411596,2023-02-11 12:55:10.545495,Shipped,"Must single size ball action sort focus. Pattern pay ground tax fill player police.
True moment line to.",897419
592158,2024-04-21 12:21:43.228893,2024-07-03 01:45:54.025233,,Pending,"Join them become fall authority program. Help crime event people itself right base.
Bank environmental amount people much five girl lay. Institution shake need knowledge.",681763
626792,2022-08-14 23:46:59.133982,2023-10-21 12:29:12.512638,,Cancelled,"Car consumer light glass she generation seat summer. Laugh between page art. Miss important late avoid range agent.
Former add matter hand. Figure should modern because. While south age result.",101242
938478,2023-06-09 12:58:44.608709,2024-07-05 15:35:00.494513,2024-04-12 19:03:17.403974,Shipped,Easy may you offer choice. Show hear agree enjoy crime. Near necessary light computer memory along son dark.,117756
711561,2023-04-28 00:07:51.856879,2024-04-26 18:06:32.965631,,Pending,"Eight might husband also a. Art during discuss section food entire civil. Nor conference public quality vote manager.
Authority job parent surface. Law apply place teach.",441369
218283,2022-09-02 14:19:30.709637,2023-03-19 10:26:34.786615,,Pending,"Power community machine style. West scientist before culture often.
South to manage environmental amount. Tree suffer game various standard red chance.",219859
904397,2022-08-28 23:44:54.247613,2024-03-11 07:36:08.551778,2023-11-03 04:59:08.964547,Shipped,"Deal leave happy drop. Mind money today here end.
Candidate usually level lot. Consider environmental professor weight energy particularly best amount.",732743
289202,2023-08-09 20:51:48.185212,2023-09-11 14:46:50.888703,,Cancelled,"Ball human some something information far mouth. Far involve sell community change lay leave. Kid red possible activity heavy grow.
Glass oil after big modern.",108683
291941,2023-01-04 10:43:37.084550,2023-12-30 04:29:33.674121,2023-08-12 13:33:38.121736,Shipped,"Word draw arrive wonder agreement gas fact. Across organization herself town enough.
Be there official born. Will hair around information arm.
Town staff break. Safe card certain professor.",198209
741150,2023-06-23 08:40:45.603015,2024-04-07 23:38:22.648162,2023-07-23 21:51:15.024127,Shipped,"Cup participant seem relationship. Worker hospital social area standard according. Number middle fight agency.
Son education system cost song. Statement difference reflect which.",379419
129039,2022-07-16 06:46:03.583206,2024-05-01 20:56:02.491705,,Cancelled,"Bit any executive go.
Fund theory blood ability assume peace. Avoid quickly current tough. Computer to particularly door subject lay director.",703395
779015,2023-10-29 04:20:33.352294,2024-02-14 19:27:37.977311,,Cancelled,"Meet read family name town far gas sit. Billion with station sometimes window.
Ok where learn ask. Because himself occur eight.",449797
547690,2024-02-07 18:04:36.177178,2024-04-17 18:37:32.342611,,Pending,"Room over score exist rate pass. Discover industry keep feel possible.
Course not analysis bed role someone. Shake paper full skin whether military. Forget notice move player.",198209
600061,2024-05-30 15:03:16.575764,2024-06-14 15:57:01.493415,,Cancelled,"Receive before official spring test fast analysis never. Strong lose game lot mission thought both should.
Increase this large let your suggest sound. Lot speak on anyone against bar magazine front.",975340
377704,2024-02-24 18:51:02.018719,2024-04-29 11:44:39.873036,2024-03-23 06:45:47.802414,Shipped,"Area join attack understand. There peace wrong north of hear. Someone color hair.
Pm night month ability whole human. Because however seven last exist moment middle.",146971
853807,2023-07-07 12:33:48.367820,2024-06-21 06:16:32.896528,,Pending,Color level couple record cell. Message ahead current draw receive case. Responsibility father establish until own second interesting.,897419
187767,2022-07-08 04:36:02.623981,2024-04-28 08:21:39.103169,2023-03-12 07:25:50.258877,Shipped,Friend significant whom us decade under Republican. Responsibility get in white.,658364
994971,2022-07-08 00:20:43.980595,2022-12-17 08:21:11.912984,,Pending,Environmental character no character why. How off although structure north kid. Child news share certainly nice maybe successful.,487209
497136,2024-01-20 07:08:49.454914,2024-06-18 06:30:00.747451,2024-03-02 23:45:29.191415,Shipped,Perhaps walk week. Recently enjoy yet ever market community door wind. Leader true growth more poor.,970325
405461,2024-01-17 21:16:14.098376,2024-03-05 12:57:12.386677,2024-02-04 00:35:51.830076,Shipped,Name sign receive bill. Maybe step never pick picture herself pressure. Serious significant stand assume hope throw case success.,960035
988001,2023-02-07 04:13:50.845295,2023-11-02 07:45:55.869835,,Cancelled,"Really particularly check remain court. Charge scientist either wall produce.
My sense official. Occur report from would part much whose special. Question item understand station when least road.",186343
443646,2023-07-01 18:29:41.070132,2024-01-21 22:11:26.688117,2024-01-19 07:40:16.664394,Shipped,"Break thus idea. Up high really specific far.
Certainly not usually across boy season. Number kitchen discover after process hotel pick. Enjoy after home politics lot.",198209
727832,2023-10-21 20:13:42.783289,2024-01-26 19:43:38.470429,,Cancelled,"Not military several stage reflect adult.
Simply paper produce until scene pay tend.
Mean in power affect become course. Join candidate task room main. Mouth floor after sea when chair beyond.",630849
347897,2023-03-04 17:57:33.015199,2024-03-06 04:46:33.083531,2024-03-03 06:05:51.091082,Shipped,"Happen very note head too save after. Policy dinner doctor make. Reveal minute police attack animal training push.
Expert bit agent factor yeah prepare catch. Against plan require section few moment.",754393
636908,2022-06-29 01:17:45.980613,2024-05-31 16:10:06.710691,2023-01-15 13:36:08.252680,Shipped,Push maybe other music what. Ok friend this family across. I international him strong catch lose if six.,146971
655219,2024-05-15 01:57:36.609128,2024-06-15 13:26:39.837146,2024-05-24 10:32:09.951641,Shipped,"Half despite personal society. Budget floor movement kitchen foreign show.
Job than end charge agree picture. Turn employee huge stage TV compare mouth. Edge night goal campaign.",895832
738652,2023-06-07 11:34:37.874070,2023-08-21 16:25:12.253585,,Cancelled,"Suggest however deep next couple. View become mouth blood. On eight phone fine.
Certainly mind since rise eat. Choose perhaps look staff.
Why guess understand thousand. Throughout training teach.",484737
143202,2022-07-26 14:48:06.637621,2023-10-02 14:54:24.975025,2022-10-17 04:56:56.778655,Shipped,"Street color three kid. But no individual TV customer foot.
Suffer anything simply perhaps. Quite entire specific present artist mouth fill.
Should point place truth. Box experience top as stay big.",979459
383381,2022-08-15 02:57:57.956935,2024-04-27 23:08:34.171207,,Cancelled,"Include strategy hair where.
Them always mind nature. Of relate matter maybe. Easy unit including improve worry.",125275
125086,2022-10-27 09:55:09.608110,2023-07-28 03:51:07.867241,,Cancelled,View individual election fact develop idea together. Listen current free strong great religious feeling.,506799
626088,2022-12-10 12:56:32.009842,2024-03-12 13:37:51.584698,2023-05-20 13:28:58.115039,Shipped,Leave particularly two difference decade medical. Lawyer child ground great among. Right though stock ago weight apply. Sign oil very approach care major.,968797
286899,2023-01-18 15:11:13.882206,2024-02-20 03:26:01.528562,2024-01-05 15:13:44.838052,Shipped,"Manager decade wait camera data health usually. Him meeting wear operation against.
Green standard hard bring wish unit per space. Agreement who two challenge raise strong.",987304
200383,2022-12-20 00:28:15.407346,2023-09-08 15:36:03.194571,,Cancelled,"Question spend treatment start benefit from. Weight trip table practice serve bring road.
Sure but onto visit wide kitchen. Activity community hold create girl sing.",186343
396505,2023-05-24 05:28:57.875953,2024-07-03 02:11:34.813913,,Pending,"Watch smile fund represent can add school. Today such yeah. Send open per town item bill friend.
Issue Mr nearly artist per.",322435
173492,2023-06-09 22:23:52.002387,2024-01-14 13:11:52.995251,,Pending,Likely town throw reveal every treat. Move sound cause important write. Throw social decide into animal cup close.,600519
866968,2022-10-13 04:28:54.012818,2023-03-21 15:13:31.311790,,Cancelled,Too entire idea without body. Support find spend pressure between. Exist rest tonight.,467811
333480,2024-01-19 11:41:46.993276,2024-05-27 17:02:51.611953,,Cancelled,"Recent message back simple away. Certain simple every past visit edge everything. Offer human bar let.
Live response teach protect. Nor hotel speech.",712292
857244,2023-02-15 23:42:49.130122,2023-07-19 23:08:55.333048,,Pending,Fact seek successful school weight stage. Care card find challenge interest military this. Culture area her.,286034
783167,2022-10-31 03:06:42.409443,2023-11-29 18:28:58.847978,,Cancelled,Population meeting indicate time service major day. Simple brother plant. Garden his bag yes respond window. Say usually pull plant.,548798
682621,2023-10-24 06:48:59.872214,2024-04-15 00:49:17.842644,2024-04-04 16:26:44.134452,Shipped,"Skin vote stop. Crime keep American you subject before.
Me very officer suggest will game compare. Class very away send theory.",600519
890678,2022-10-15 03:41:18.661129,2023-12-18 23:15:35.251084,,Pending,Whether source fight attack. Discussion need way family. Physical marriage lot age consider their ready. Above baby probably standard.,467811
805744,2023-08-18 01:48:05.683281,2024-04-23 13:49:46.040511,,Pending,Medical degree difficult model chair. How bring sense member before Republican itself. Stand international trouble safe forward director piece.,398027
413816,2022-06-17 05:44:56.110247,2024-06-22 02:56:58.785034,2024-01-03 11:07:26.482819,Shipped,"Inside camera our result. Type discussion apply make practice ten.
Term arrive say season son live. These by could everybody choose. Laugh though send edge party series financial.",848062
141883,2022-12-10 22:10:35.189194,2023-12-15 11:11:54.525594,2023-07-07 12:33:07.836916,Shipped,"Reason success wonder attention. Small improve worker bad professor.
Listen social soon appear vote. Focus down seat evidence bank face move. About whether middle door room.",895832
755979,2023-06-23 14:50:58.468790,2024-06-05 01:15:51.906377,2024-02-12 17:35:20.664203,Shipped,Rather reflect until. Show business everyone them travel. However beautiful ability process.,379419
704990,2022-11-24 20:36:40.455424,2024-06-30 02:38:41.934818,2023-02-03 02:30:25.222135,Shipped,"Person nice city save offer image. It program late start box window. Politics exist term dark player each.
Back space letter. Teach in by technology should.",691321
780642,2023-05-05 00:57:15.296449,2024-04-19 14:08:06.997297,2024-01-30 15:10:43.331536,Shipped,"Seem college plan me process. Pretty glass shake keep tell.
Arrive together leader story often. Among throw deep theory evidence mouth production.",630849
857847,2022-10-09 01:24:07.604833,2023-01-11 02:49:45.219175,,Pending,Condition attorney tend including truth. Operation work allow position media manage. Firm western food send analysis mother.,895832
133915,2022-12-13 02:46:01.272717,2023-07-26 22:06:10.729292,,Pending,In determine bed of evidence receive car. Look travel partner mind computer. Stop realize language ball use.,484737
512367,2022-10-14 18:47:30.521833,2022-12-13 09:58:10.818575,,Cancelled,Let down foot culture others claim. Science together quality drive paper college eye simply. Detail director people rest whether. Will wrong dinner media behavior.,750585
206494,2023-05-10 16:14:18.464497,2023-12-08 12:06:28.481802,,Pending,"Discover all guess. Time federal word tonight series sort.
Card expect military interview thank chance letter. Director low he.",322435
254992,2023-02-11 20:44:51.688610,2023-07-24 14:59:09.443122,,Pending,"Small wait continue factor song. Try discover newspaper. Culture state sometimes mean create city bank.
Recent indeed able cause firm bed cup form. Rest guy this all training say.",177019
652345,2023-11-15 22:15:10.059160,2024-04-06 02:11:45.411265,,Cancelled,"Any between low notice. Main tonight woman father citizen.
Glass player eight water Mr kid. Pick heavy he. Move southern vote test present.",519115
904393,2023-04-03 05:47:19.685073,2024-01-22 07:56:37.045174,,Cancelled,"Measure boy fine write. Probably your throw light cultural.
Course senior yes type draw property foreign. Page there only people.",477238
857615,2023-12-25 12:14:07.371227,2024-06-03 06:26:25.322430,2024-02-09 05:24:33.298522,Shipped,"Possible information day present treatment out. Others former ahead since difficult.
Far worry arm writer thing street.",416019
228490,2024-05-18 23:25:06.737067,2024-07-06 20:46:29.460355,,Cancelled,"Bank indicate rule. Community threat real end subject road.
Seek either light see rise. Power visit example billion.",300424
598159,2023-05-25 04:57:59.378025,2024-04-20 16:28:21.312309,2024-01-04 04:30:36.843419,Shipped,"Hope day pay personal reality red here.
Or center seven writer operation soldier. Listen positive also total six test hotel. Produce leave by many white.",923519
930081,2023-04-29 11:19:52.555769,2024-04-26 08:50:04.191756,2023-12-18 11:52:37.486021,Shipped,"Bank theory beautiful chance nation less. News born story future history catch.
Party little know. Gun industry seem PM pay indeed. Off important rather letter.",989934
849217,2023-10-05 08:31:57.904508,2023-10-15 08:00:56.980817,,Cancelled,"Benefit certain agreement seem rich head. Energy modern economy stand wind.
Scientist base well customer. Also professional middle price director edge until usually. Threat see fight main.",642842
392407,2024-02-01 13:55:54.451072,2024-05-23 21:46:20.780329,,Cancelled,Piece behavior great low cell reflect inside. Customer author keep control support food write sometimes. Key kid decade nice environmental defense.,975340
179268,2022-09-24 22:35:55.439092,2023-04-03 17:18:56.113524,,Cancelled,Forward staff four fall training fall station. Pass hair thing leg.,441369
990405,2023-01-23 11:52:06.779526,2024-04-25 04:00:08.768633,,Cancelled,"Alone necessary movie woman admit. Explain evidence president effect personal might.
Soldier service foot low decide economy student. Everybody material particular movement page hand market.",658364
423924,2023-11-09 16:59:36.380345,2024-06-11 06:30:13.138537,2024-05-24 06:40:49.278221,Shipped,"Cover travel firm another cup maintain notice product. Help party political training.
Themselves husband billion everybody. Southern worker a public. Mind around increase growth eat also.",545458
150826,2023-07-28 13:09:52.628743,2024-05-18 00:36:26.288171,,Pending,"There however church arm. Mr if natural minute according cold.
Red condition international name all guess. Clearly learn apply to.",528774
109005,2023-05-28 13:30:15.747552,2024-01-31 08:39:56.462333,,Pending,Action a difference letter phone day happen. Focus great fast company. Hot beautiful treat leave vote. Population suggest heart likely treat effect.,414196
553284,2023-11-15 19:04:30.244995,2024-01-06 01:20:02.278365,,Cancelled,"Western million right provide crime. Get sense machine begin cover foot. By computer response city deep state.
Each pattern detail feeling seek necessary cut detail.",125275
103819,2024-04-14 03:08:30.388296,2024-04-23 14:17:52.439841,,Cancelled,"Chance room government impact agency resource me year.
Structure check central agency produce office. Challenge exactly safe artist through same. Work now city dark across national.",278017
835969,2022-08-02 00:56:24.791443,2024-04-28 23:25:59.018924,,Pending,"Against thing group even phone according choose. Son recognize husband.
Help exactly see could call. Mind rest husband pass. Series forget upon table off what guess outside.",918590
966114,2023-12-09 03:06:07.789750,2024-01-02 15:53:02.728839,,Cancelled,"Go image trouble deal one wife college. About born report. Possible cut good enjoy skin sure.
Difficult its glass out loss also physical. Wife rate budget.",521170
951481,2022-09-03 15:50:13.449914,2023-10-25 22:44:29.132289,,Cancelled,Here drop area provide great number. Something agree analysis them coach skin else. Television anyone likely. Subject this my.,979459
821116,2022-08-04 10:04:19.861970,2024-03-11 02:23:38.738129,,Cancelled,"Cost success moment television. Effort employee book amount matter.
Career couple positive its wrong blood. Fall late usually listen seven. Within discuss a stand new.",467811
943214,2023-10-27 15:30:09.725783,2023-11-19 15:53:13.149143,,Pending,"Life view movement beat forward first Mrs. Third relate vote Mrs together million.
Represent reality turn pressure plant big. Bit safe medical us where any. Bag join work point Mrs power.",783517
703595,2022-12-30 07:45:49.133106,2024-02-06 14:03:12.200674,,Cancelled,"Lot organization foot pretty provide commercial assume.
Free fear us value professional that pay. Wind vote consider middle.",750380
131863,2023-04-26 20:12:57.372232,2024-02-21 22:27:53.336768,,Pending,"Be answer human here old. Blue interest really book.
Care sometimes relate heavy imagine law. Know toward others early.
Hospital edge film fly choose. Training within ahead much.",703395
245655,2022-07-14 04:03:11.247114,2023-01-26 11:26:51.143852,,Cancelled,"Red science high close discussion report machine my. Particular these open hundred.
Any vote catch more. Around little give challenge always new state reflect. Room many year billion during in.",785249
610449,2023-12-03 06:18:06.191766,2024-06-10 15:46:27.267619,,Pending,"Shoulder apply lot usually base third add. Human bad phone ready.
Role nearly I spend sing. Beat town standard his style response. Away member child whole west.
Main race coach culture.",521170
794628,2023-12-26 13:01:43.699906,2024-01-06 02:24:44.750504,,Cancelled,"Instead size health.
Rather answer likely your. Only behind when side increase billion product. Than imagine energy off receive remain.",125275
880942,2023-02-25 12:14:30.427730,2023-04-30 11:59:39.884389,,Cancelled,Certainly mother sort section. Others lead to believe performance I baby. Test natural people different. Hundred threat lose leader sport than provide.,630849
448328,2023-11-26 17:14:15.461048,2024-01-21 21:31:31.421439,2023-12-25 11:07:10.576591,Shipped,"System perform star accept evidence end.
Agreement teacher federal fire community simply establish right. Understand pressure edge his. Decide team against do.",321859
788016,2023-10-06 04:16:16.769192,2024-02-28 17:34:36.748639,,Cancelled,"Especially manager process. Work key mouth experience at film.
Various hundred meet describe throughout. Than voice Democrat course same. Tell subject surface government effect major name.",938151
567291,2023-04-10 21:16:36.248260,2023-07-29 10:01:11.990359,2023-07-18 19:24:54.580664,Shipped,How recently story save science. Whatever plant goal professor majority maybe bill.,997168
566399,2022-06-29 12:59:10.384566,2022-12-26 15:41:57.518189,,Pending,"Game wear population lay thing. Size fish six and purpose page return.
With build from main along.",101242
979013,2023-04-14 21:51:13.074476,2024-04-13 17:29:21.294529,2023-09-03 23:54:11.425147,Shipped,Age reason number. Last tree television election past believe these. Quality soldier during behavior success story material. Through who process should available response.,398027
346184,2022-08-01 12:33:50.494928,2023-02-28 12:38:20.609436,2022-11-05 01:20:22.766583,Shipped,"Most respond foot. Analysis image term first about wind become.
Type ever part everything. Option none while director and its central.",897704
624265,2024-03-12 19:42:22.589145,2024-05-11 12:22:02.218718,,Pending,"Raise former deep job me.
Mouth computer machine interesting despite eye month.
Fly court eight certain meet. Break card people add. During score ten short partner listen away radio.",496036
907711,2024-06-03 16:53:43.433612,2024-07-08 20:27:32.500618,2024-06-07 08:20:43.224173,Shipped,"There into information learn would. Campaign public before without those. Speech suddenly television art buy easy grow man.
Respond guess act others. Deep nearly man effort increase someone.",177019
103548,2023-02-23 16:19:52.222465,2024-06-16 16:40:03.650582,2024-05-28 17:57:38.643667,Shipped,Raise try modern nor paper measure role. Guy over ahead yourself almost pay.,923340
580604,2024-01-18 18:05:08.508631,2024-06-24 09:39:10.872305,2024-02-21 20:10:01.499048,Shipped,"And quite paper unit true night. Can point door along arrive shake treat.
Card recognize give white purpose cold walk.
Second TV scientist benefit point. Pass hotel western church special news ten.",214511
540637,2023-09-03 20:09:13.296420,2024-05-13 18:40:01.277399,,Pending,Customer place official question high hear. Effect company around series go manager play. Now thus expect experience resource.,416019
276845,2023-10-11 03:37:58.325586,2024-07-02 20:06:11.961041,,Cancelled,Factor whom tax too she before outside. Sell record member price. Defense ground weight my hotel certainly low.,449797
293305,2023-03-11 17:30:56.967961,2023-10-31 18:00:34.879893,,Pending,"Suffer very system specific. She land decade these pretty.
Speech clearly draw character. Top today continue phone new.
Hit finally nice population. Possible cup program wear police very.",408267
521758,2022-11-15 19:27:40.257583,2023-12-21 05:29:50.813762,2023-08-24 18:17:53.413903,Shipped,"Fight institution after.
Help both base kid. Probably can claim spend ago finish.
Reveal action understand computer fall pattern all hour.",186343
357044,2023-03-13 13:39:18.019487,2023-12-15 01:18:24.967788,,Cancelled,Above husband painting about traditional usually between. Thank lead garden purpose these spring. We official political huge accept care. Or eight education thank always fast.,869276
303537,2024-05-14 19:46:13.712106,2024-06-18 16:33:15.886143,,Pending,"Process over focus each give color.
Work next lawyer any section. Magazine or apply relationship region. Return example else story.",655313
123841,2023-02-20 13:52:52.908853,2024-02-21 14:46:49.121271,,Pending,Great maybe fact eye guess right bag another. Water major instead even red. Have condition community process perhaps.,125275
135742,2024-01-02 19:16:32.994093,2024-04-13 20:11:49.020714,,Pending,"Interview section wait voice position too. Something issue seat cold worry line.
Reality several toward science. Become hundred professor increase agreement. Room relationship call.",319646
198045,2024-01-24 22:30:07.696403,2024-05-01 05:14:05.592370,2024-04-26 10:05:40.245993,Shipped,"Light site pull major. Political teacher then public know.
Film senior kitchen each. Grow back feel himself hope. Despite family close any.",741539
568130,2023-02-07 12:10:54.256176,2024-04-11 11:09:17.731370,2023-02-24 15:47:45.045814,Shipped,"Present over kitchen pass development. Arm leave school. Miss various mission much discover recent.
Throw another idea professional name. Color back image company. Area science nation performance.",172674
278522,2022-10-08 06:47:10.521395,2023-01-26 12:25:56.408270,,Cancelled,"All push international western up.
Top heart thousand behavior. Major score western threat drive. Rate skin half use leave down relate. Area parent member song board time.",854300
161286,2024-06-02 23:03:33.373723,2024-06-17 01:34:46.227275,,Pending,"Such medical trade rock cell. Prepare room ability western condition.
But book station pattern. Cause into feel bit identify talk audience.",616977
626837,2022-06-12 02:44:38.994105,2023-02-10 20:25:18.751664,,Pending,"Allow site character reduce hit cell though.
Security TV smile about. Value budget my grow. Line popular south social.
Hear series law wrong. Every during only increase. Near authority end analysis.",397136
927824,2022-08-20 21:10:55.659122,2024-03-17 01:20:39.027282,2024-02-03 22:29:11.681365,Shipped,Source indicate seem close. Lay financial project wide. Cold mother there word bag allow it film. Oil game hear.,214511
261039,2023-09-29 13:04:02.038435,2024-04-03 19:11:09.531534,2024-02-21 01:13:22.735934,Shipped,"Current stand data Mr. Find number break ball. Surface prevent civil leader girl Mr.
Ever figure responsibility market these. Seek with box huge buy enough PM.",798340
897147,2022-09-25 18:28:01.364919,2024-04-01 13:06:43.585276,,Cancelled,"Herself deal include take. Without natural question find also factor single.
Car their write beyond specific light magazine. Father service win win economy her security. Science oil finish.",853873
929239,2023-11-23 22:42:46.136497,2024-04-28 09:50:21.957440,,Pending,Method team message financial option all pattern herself. State family cut population state. Act society hospital serious look understand chair.,705452
937583,2022-09-02 00:27:32.750290,2024-01-25 20:51:43.131517,,Pending,"Report five cultural north. Country stand support perhaps Democrat which lot. Grow easy single service.
Amount local hair paper suffer page. Area entire guy situation impact lead happy.",923340
889969,2023-09-13 09:34:05.668375,2024-06-23 22:17:47.438927,,Cancelled,Those add station character. Safe dinner shoulder strategy I would unit. Responsibility civil appear may.,233734
348166,2024-05-24 10:14:22.355037,2024-06-18 21:55:59.027275,2024-06-05 11:57:16.372607,Shipped,"Capital number rock. Ball few century involve arm.
Box source maintain see Mr price peace fall. Rock five investment heavy eight under who.",937991
632689,2023-08-08 00:19:14.942789,2024-03-31 21:07:04.640090,2024-03-05 17:18:52.128115,Shipped,Effect easy worry stop. Partner way entire big. May thank piece. Only fight fill business argue sing.,833973
710984,2022-07-31 23:45:33.266839,2023-12-04 10:23:17.032503,,Pending,"Role everyone can. Employee within life.
Perform rather believe small price. Necessary fly TV.
Process opportunity both. Something issue knowledge suggest use.",379419
598784,2024-05-22 07:36:17.340678,2024-06-20 02:06:51.931824,2024-06-02 10:52:15.457293,Shipped,"Strategy prove rock network. Open huge hotel area child it allow. House half business operation item.
Economic woman generation cold into. House born yes learn. Join no crime want five.",496036
634523,2023-07-24 04:48:58.607614,2024-04-12 04:38:05.393949,2023-08-29 07:11:13.010411,Shipped,Various card just establish believe purpose. Think card game condition.,758655
354768,2022-06-20 09:42:27.894613,2023-02-16 05:39:08.775486,,Cancelled,"Great place hard. Entire baby room believe better interview. Idea power today sea several speech best cost.
Report subject member some charge part hold. Score effort local.",502345
500639,2023-10-15 08:21:18.489391,2024-05-26 18:06:17.212032,2024-04-28 03:19:22.360974,Shipped,"Add carry young. Direction brother country government.
Decide American fast all.
Customer mention wide economic tend. Seven spring summer natural.",621514
531397,2023-09-17 05:00:22.665652,2024-04-07 22:33:37.104709,2024-03-09 03:31:45.499466,Shipped,Certainly peace traditional push word up. Drop try product six none important. End company hospital baby fast big.,741539
699366,2023-11-02 00:46:40.653036,2024-06-05 18:32:05.292057,,Pending,"Million blue interview call usually do husband.
Picture produce five early company. Indeed might modern decade perform senior according. Present phone agency financial rest defense.",322435
972008,2023-08-22 23:18:04.177166,2023-10-06 05:20:47.306067,2023-09-11 02:51:02.219248,Shipped,"Student inside why its. General section board weight.
Prove sport form almost reason.
Drop along chair. Third own theory hundred vote. Including discussion successful relate majority federal.",474169
616750,2023-03-18 14:32:11.014644,2023-09-25 05:23:31.841909,,Cancelled,"Congress explain especially know thousand. Note eye exist maybe.
Compare set piece best. Series open similar start your million three. Between future day strong manager.",322435
410697,2024-02-25 03:12:45.691477,2024-07-05 21:18:46.294240,,Pending,"Stock husband talk yourself wear mention. Imagine show building wife buy specific.
Party me live mother source relate. Gas marriage edge business audience leg. New pay trouble.",342345
790421,2024-03-12 20:36:59.919061,2024-03-28 23:56:29.439133,,Cancelled,"Buy factor simply yard former young. Near southern news do energy PM would.
She weight hand clearly purpose. Your appear trade traditional should face.",321859
832774,2022-10-10 21:13:29.151686,2024-07-02 05:59:07.820395,,Cancelled,According add hit might morning actually. Dinner need system capital draw body. Here green hold like who.,642842
468349,2023-03-30 12:24:19.774952,2024-05-31 19:37:26.839260,,Cancelled,"Move your practice next former.
Hit customer yard. Above visit reality cultural sound next themselves artist.",873474
567640,2023-04-09 23:18:07.702240,2023-12-23 09:26:41.944824,,Pending,"Itself Mrs boy tend. Central nor such idea.
Whether force president skin. Floor fund factor. Operation individual play defense partner serious company.",434282
733980,2022-07-19 19:50:07.943630,2022-08-11 06:09:11.449450,2022-07-23 02:19:05.702105,Shipped,"Ability too understand third different stage. Option base fine affect sport.
Sort east hair health that moment. Politics do property. Your within American report authority himself fish threat.",989934
949892,2024-03-31 17:51:09.138176,2024-05-08 05:26:52.472903,,Pending,"Citizen tend available hour. Place thus thought.
Per court life cut else choice meet. Smile why memory material pass.
How interest everything heart black. Own note situation.",658364
549472,2023-11-15 17:02:37.108249,2024-03-16 01:04:15.116180,2024-02-29 04:26:47.457551,Shipped,"Particularly always argue note. Return oil sort gas. Once bill for bill.
Perform enough alone six course interview fall. Major control attorney college several include pass.",333097
911424,2024-04-24 15:36:51.476231,2024-06-28 06:43:03.351494,2024-04-30 18:04:13.815827,Shipped,Plant series necessary determine just nor goal heart. Capital use weight child anyone control turn democratic.,712292
370738,2023-01-02 13:16:29.103569,2024-04-22 22:09:09.961821,2023-08-04 04:27:12.937784,Shipped,Least then team growth example forget. Activity few suggest everyone coach. Former heart theory summer if year explain safe. Young yes head detail region image daughter.,754393
308285,2022-10-17 20:57:39.365885,2024-05-24 22:28:17.548241,2024-03-13 15:57:13.661478,Shipped,"Hair any year speak notice lawyer blue. Exactly analysis sometimes Republican little.
Same relate bad ready music authority. Accept its world off number campaign bit. Raise conference name mission.",540244
548630,2023-02-28 13:53:28.120466,2023-11-10 20:44:48.139322,,Cancelled,"Several small prove middle with federal. Entire mission doctor risk mention crime cell.
Per real report memory out prove. Early others eat office design. Several color charge available sea its.",642842
379798,2023-04-07 03:43:32.867918,2024-01-18 00:14:46.826968,,Cancelled,"Happy need boy church where five student. Already blood behavior produce care.
Get hundred hot page attention read. Establish front head personal contain.",108683
121717,2022-06-26 18:45:06.566269,2022-12-22 16:13:09.625630,2022-11-14 17:03:35.010330,Shipped,Maintain imagine money. Despite now national.,443543
665424,2023-11-27 04:07:56.710281,2024-05-20 18:28:09.218243,,Pending,"Pass prove face. Pretty onto thus large public low. Force special toward age strategy front.
Other study team administration science. Blue hand enough about right.",724360
565548,2023-07-26 00:04:46.158828,2023-10-22 01:12:29.164265,,Pending,"Plant let truth character energy machine top leave.
Onto world herself cold group sometimes travel. Five dream recognize family spring against goal. However may fill visit possible.",918590
924762,2022-11-10 05:11:21.985935,2024-04-26 20:30:38.362592,,Cancelled,State song center leader above score. Most win down become situation consumer push. Safe shoulder care challenge organization.,233734
422141,2022-07-10 12:30:23.352230,2023-03-02 16:20:15.764317,,Cancelled,"Several rise really left hot old continue. Reveal sea behavior at foot real former.
Pm most my around trip environment central. Question key particular there government.",477238
200492,2023-05-31 17:56:32.966631,2023-10-16 12:22:13.650780,,Cancelled,"Film tree natural environmental mission.
Red point production audience account strong. Long no many chair always foreign wear.",593268
434528,2023-12-23 22:27:58.857420,2024-02-26 18:54:29.888573,,Pending,"Painting difficult into attention understand provide.
Window tell way stay mouth. Board put us lose education benefit.
That describe instead machine consider over language.",540244
666534,2023-03-28 22:02:55.952681,2023-11-20 17:37:14.369200,,Pending,"Will only leg send. Reveal ago language discover media white should meet.
Play short Mrs listen partner table education. Today west half.",467811
540894,2023-12-27 10:27:42.650074,2024-06-20 23:51:20.797165,2024-01-21 20:52:45.611464,Shipped,"Cut for two real church. Keep left control staff.
Official remain in yard employee American small. Believe force blood matter because inside sort expect.",621514
388509,2023-11-11 17:37:18.569506,2024-04-24 09:59:46.308850,,Pending,Big indicate public. Serious central herself center affect add plan stand. Agreement sell man memory.,487209
387479,2024-03-30 01:58:59.583460,2024-04-16 10:17:32.535024,,Pending,"These trouble ten name factor mention produce. Someone leader news something mother ball admit.
Concern rest yes. Bank similar employee away energy clearly recently. Season key including care.",658364
885812,2023-12-06 23:22:58.860766,2024-05-15 18:25:37.028407,,Pending,Thousand interview court eight possible early appear perform. Lay fear appear manage by yes well. Thus blue possible example.,864124
261536,2023-06-03 11:36:55.021179,2024-01-04 16:27:11.889546,,Pending,"Property expert from Republican listen. Toward to finally eight argue pressure choose. Series ten try Mrs sing public.
Cover doctor outside fall attorney. Inside hear leader member.",593268
766627,2022-08-25 16:50:31.847833,2023-09-02 18:20:01.099114,,Cancelled,"Former understand several off amount season. Reduce condition about. Many term avoid country part cell deal.
Director hard under memory. Surface draw organization he.",501867
204214,2022-11-12 04:37:59.590994,2023-06-20 20:04:27.443902,,Cancelled,Beyond charge citizen again current child time. During product company. Side describe decision space hotel reduce.,989934
344695,2023-07-15 04:02:12.023603,2024-06-17 03:39:05.916274,,Cancelled,Push ability too behavior fall writer up. Idea second administration financial sister practice. Though raise process. Actually health fly player relationship.,958261
865442,2023-07-30 03:38:44.293611,2023-08-15 14:42:24.927250,,Pending,"Top travel each rest garden. Democrat question tonight. Near pressure deal.
Investment deep party chance democratic. Film total work. Drive thing radio dinner cut.",997168
267351,2023-11-16 09:35:39.424669,2024-05-30 07:05:21.174032,,Pending,Police cold indeed both religious nothing thus success. Do pressure professor buy whom. Property though stuff. Prove structure writer seem important sell on.,397136
814179,2023-10-03 10:56:34.654501,2024-03-21 19:25:17.648387,2023-12-21 13:01:59.484597,Shipped,Music process discover card become beautiful. Those would single garden prepare performance figure but. Join newspaper company total two himself themselves.,923340
899308,2023-12-12 15:59:39.249286,2024-05-12 01:50:21.825089,,Pending,"Arrive piece degree consumer media everything. Area traditional wait skill. Huge color other so.
Hold use lay now control least. Team often pick image industry see reduce unit.",783517
983972,2022-07-12 04:02:30.199470,2024-04-19 03:23:50.854506,,Pending,"While condition performance above maybe. Not share describe reflect. Offer information city billion.
Teach director manager may north stand. Per scene meet newspaper ball.",758655
299346,2023-07-27 05:11:00.853668,2024-01-11 02:04:37.960899,,Pending,"Operation good away response. Fill step blue.
Fish if care return floor although beyond where. Especially not likely type son.",441369
525758,2024-06-08 21:33:50.688831,2024-06-17 15:37:33.332243,,Pending,Win voice away box. It two without air some especially. Top really consider I student contain rate bring.,803095
852884,2023-08-11 19:19:39.385216,2024-01-05 12:32:07.219491,,Pending,Law challenge field receive staff most animal. Beat experience pretty without. Republican believe identify water popular.,848062
